{"intents": [
        {"tag": "greeting",
         "patterns": ["Hi there", "How are you", "Is anyone there?","Hey","Hola", "Hello", "Good day","greeting"],
         "responses": ["Hello there!", "Hey wassup!", "Hi there, want to chat about anime?"],
         "context": [""]
        },
        {"tag": "goodbye",
         "patterns": ["Bye", "See you later", "Goodbye", "Nice chatting to you, bye", "Till next time"],
         "responses": ["See you!", "Have a nice day", "Bye! Come back again soon."],
         "context": [""]
        },
        {"tag": "thanks",
         "patterns": ["Thanks", "Thank you", "That's helpful", "Awesome, thanks", "Thanks for helping me"],
         "responses": ["Happy to help!", "Any time!", "My pleasure"],
         "context": [""]
        },
        {"tag": "noanswer",
         "patterns": [""],
         "responses": ["Sorry, can't understand you", "Please give me more info", "Not sure I understand"],
         "context": [""]
        },
        {"tag": "options",
         "patterns": ["About you", "What you can do?", "What can you talk about?", "options"],
         "responses": ["I can talk about anime and their rankings. I can also talk about my favorite animes and discuss about them in detail."],
         "context": [""]
        },
        {"tag": "Action",
         "patterns": ["Top action anime?", "Best action anime?"],
         "responses": ["Top 5 Action Animes:\n 1) Fullmetal Alchemist: Brotherhood\n 2) Attack on Titans\n 3) Gintama\n 4) Hunter x Hunter\n 5) Code Geass"],
         "context": [""]
        },
        {"tag": "Adventure",
         "patterns": ["Top-rated adventure anime?", "Best adventure anime?"],
         "responses": ["Top 5 Adventure Animes:\n 1) Cowboy Bebop\n 2) Spirited Away\n 3) Mushishi\n 4) Made in Abyss\n 5) Vinland Saga"],
         "context": [""]
        },
         {"tag": "Drama",
         "patterns": ["Top-rated drama anime?", "Best Drama anime?"],
         "responses": ["Top 5 Drama Animes:\n 1) March Comes In Like A Lion\n 2) A Silent Voice\n 3) Clannad\n 4) Your Name.\n 5) Haikyuu!"],
         "context": [""]
        },
        {"tag": "Fantasy",
         "patterns": ["Top-rated Fantasy anime?", "Best Fantasy anime?", "fantasy"],
         "responses":["Top 5 Fantasy Animes:\n 1) Fate/Stay Night \n 2) RE:Zero\n 3) One Piece\n 4) Weathering With You\n 5) Mushoku Tensei: Jobless Reincarnation"],
         "context": [""]
        },
        {"tag": "Comedy",
         "patterns": ["Top-rated Comedy anime?", "Best Comedy anime?"],
         "responses":["Top 5 Comedy Animes:\n 1) Owarimonogatari \n 2) Grand Blue\n 3) Konosuba\n 4) Kaguya-Sama: Love is war\n 5) Horimiya"],
         "context": [""]
        },
        {"tag": "Favorite anime",
         "patterns": ["What is your favorite anime?", "What anime you like the most?", "Favorite","What anime do you love?", "Best anime"],
         "responses":["My favorite anime is Konosuba", "I absolutely love Konosuba", "Konosuba is the best anime!"],
         "context": [""]
        },
        {"tag": "Describe",
         "patterns": ["Tell me about Konosuba!", "Talk about favorite anime", "Describe Konosuba","Describe favorite anime"],
         "responses":["Plot for Konosuba: Story about a High\n school student who is reincarnated in a\n new world but his pathetic luck follows him\n even there. Given the task of defeating the\n demon lord with his incompetent companions\n Will our protagonist be able to live the lavish\n life he dreamt of? "],
         "context": [""]
        },
        {"tag": "Character",
         "patterns": ["Who is your favorite character", "Most interesting character", "Liked character", "Which charater do you love?", "Tell about one of the character"],
         "responses":["I like Kazuma, the main protagantist of \nKonosuba, because he is really funny!"],
         "context": [""]
        },
        {"tag": "Recent",
         "patterns": ["Animes that you watched recently", "Current animes", "What anime are you watching right now", "Recent Anime"],
         "responses":["Anime I am watching nowadays:\n 1) Attack on Titans Final Season\n 2) Dr. Stone: Stone Wars\n 3) Horimiya\n 4) Re:Zero Season 2 Part 2\n 5) Mushoku Tensei"],
         "context": [""]
        },
        {"tag": "Recommend",
         "patterns": ["Recommend me anime","Random anime","Any recommendations?","Good recommendations","Any anime to watch?","What should I watch"],
         "responses":["Fullmetal Alchemist: Brotherhood","Shingeki no Kyojin: The Final Season", "Shingeki no Kyojin Season 3 Part 2","Steins;Gate", "Gintama","Hunter x Hunter","Ginga Eiyuu Densetsu", "Koe no Katachi","Kimi no Na wa","Owarimonogatari"],
         "context": [""]
        }]
}
